{
  "family_name": "lcr_continuation_observer_v1",
  "observer_name": "lcr_continuation_observer_v1",
  "generated_at": "2026-03-09T15:28:32Z",
  "valid_run_ids": [
    "0c5337dd-2488-4730-90b6-e371fd1e9511",
    "70adb2c2-da3c-4832-a3ef-b74ba591f5f6",
    "bef2ecd1-814a-4184-85f6-5fb5d9034f32"
  ],
  "all_run_ids": [
    "0c5337dd-2488-4730-90b6-e371fd1e9511",
    "70adb2c2-da3c-4832-a3ef-b74ba591f5f6",
    "bef2ecd1-814a-4184-85f6-5fb5d9034f32"
  ],
  "pooled_metrics": {
    "n_valid_runs": 3,
    "n_pairs_complete_5m": 286,
    "mean_delta_5m": 0.000683,
    "median_delta_5m": 0.000805,
    "pct_delta_positive": 61.54,
    "ci_95_t": [
      -0.0028,
      0.004165
    ],
    "ci_95_bootstrap_mean": [
      -0.002756,
      0.004173
    ],
    "mean_signal_net_5m": -0.014282,
    "mean_control_net_5m": -0.014964,
    "outlier_count": 8,
    "outlier_rate_pct": 2.8,
    "top_contributor_share": 0.0667
  },
  "per_run": [
    {
      "run_id": "0c5337dd-2488-4730-90b6-e371fd1e9511",
      "n": 122,
      "mean_delta_5m": 0.001227,
      "median_delta_5m": 0.001031,
      "pct_delta_positive": 68.03,
      "mean_signal_net_5m": -0.012407,
      "health_status": "VALID",
      "classification": "SUPPORTED AS RANKING FEATURE / NOT PROMOTABLE"
    },
    {
      "run_id": "70adb2c2-da3c-4832-a3ef-b74ba591f5f6",
      "n": 87,
      "mean_delta_5m": 0.001643,
      "median_delta_5m": 0.00116,
      "pct_delta_positive": 65.52,
      "mean_signal_net_5m": -0.011924,
      "health_status": "VALID",
      "classification": ""
    },
    {
      "run_id": "bef2ecd1-814a-4184-85f6-5fb5d9034f32",
      "n": 77,
      "mean_delta_5m": -0.001264,
      "median_delta_5m": -0.000159,
      "pct_delta_positive": 46.75,
      "mean_signal_net_5m": -0.019916,
      "health_status": "VALID",
      "classification": ""
    }
  ]
}