exit_structure,verdict,mean_conservative,median_conservative,pct_positive,sharpe,n_trades,advantage_over_random,random_mean,sp_positive,top_decile,top3_token,fund_high_mean,fail_reasons,flags
S1,FAIL,0.011703307718008654,-0.10616438356164384,0.4634146341463415,0.7843763890008554,41,0.012691610506507972,-0.0009883027884993179,3,1.1990407673860952,1.275493890601808,0.014310390912128265,advantage_over_random=0.0127<0.03,FLAG:top3tok=1.28
S2,FAIL,0.0321944537253591,-0.006493150684931507,0.4878048780487805,1.4195392518631502,41,0.027837819006361463,0.004356634718997633,2,0.5873928475061762,0.6357956786151655,0.03464116271299692,advantage_over_random=0.0278<0.03,FLAG:top3tok=0.64
S3,PASS,0.05134580688272641,0.2402191780821918,0.5121951219512195,1.5150032096944774,41,0.038439100471162814,0.012906706411563591,3,0.46330639388851974,0.69019638464842,0.05355195456064154,,FLAG:top3tok=0.69
